name,iso
"Afghanistan","AFG"
"Akrotiri and Dhekelia","XAD"
"Åland","ALA"
"Albania","ALB"
"Algeria","DZA"
"American Samoa","ASM"
"Andorra","AND"
"Angola","AGO"
"Anguilla","AIA"
"Antarctica","ATA"
"Antigua and Barbuda","ATG"
"Argentina","ARG"
"Armenia","ARM"
"Aruba","ABW"
"Australia","AUS"
"Austria","AUT"
"Azerbaijan","AZE"
"Bahamas","BHS"
"Bahrain","BHR"
"Bangladesh","BGD"
"Barbados","BRB"
"Belarus","BLR"
"Belgium","BEL"
"Belize","BLZ"
"Benin","BEN"
"Bermuda","BMU"
"Bhutan","BTN"
"Bolivia","BOL"
"Bonaire, Sint Eustatius and Saba","BES"
"Bosnia and Herzegovina","BIH"
"Botswana","BWA"
"Bouvet Island","BVT"
"Brazil","BRA"
"British Indian Ocean Territory","IOT"
"British Virgin Islands","VGB"
"Brunei","BRN"
"Bulgaria","BGR"
"Burkina Faso","BFA"
"Burundi","BDI"
"Cabo Verde","CPV"
"Cambodia","KHM"
"Cameroon","CMR"
"Canada","CAN"
"Cayman Islands","CYM"
"Central African Republic","CAF"
"Chad","TCD"
"Chile","CHL"
"China","CHN"
"Christmas Island","CXR"
"Clipperton Island","XCL"
"Cocos Islands","CCK"
"Colombia","COL"
"Comoros","COM"
"Cook Islands","COK"
"Costa Rica","CRI"
"Côte d'Ivoire","CIV"
"Croatia","HRV"
"Cuba","CUB"
"Curaçao","CUW"
"Cyprus","CYP"
"Czechia","CZE"
"Democratic Republic of the Congo","COD"
"Denmark","DNK"
"Djibouti","DJI"
"Dominica","DMA"
"Dominican Republic","DOM"
"Ecuador","ECU"
"Egypt","EGY"
"El Salvador","SLV"
"Equatorial Guinea","GNQ"
"Eritrea","ERI"
"Estonia","EST"
"Ethiopia","ETH"
"Falkland Islands","FLK"
"Faroe Islands","FRO"
"Fiji","FJI"
"Finland","FIN"
"France","FRA"
"French Guiana","GUF"
"French Polynesia","PYF"
"French Southern Territories","ATF"
"Gabon","GAB"
"Gambia","GMB"
"Georgia","GEO"
"Germany","DEU"
"Ghana","GHA"
"Greece","GRC"
"Greenland","GRL"
"Grenada","GRD"
"Guadeloupe","GLP"
"Guam","GUM"
"Guatemala","GTM"
"Guernsey","GGY"
"Guinea","GIN"
"Guinea-Bissau","GNB"
"Guyana","GUY"
"Haiti","HTI"
"Heard Island and McDonald Island","HMD"
"Honduras","HND"
"Hungary","HUN"
"Iceland","ISL"
"India","IND"
"Indonesia","IDN"
"Iran","IRN"
"Iraq","IRQ"
"Ireland","IRL"
"Isle of Man","IMN"
"Israel","ISR"
"Italy","ITA"
"Jamaica","JAM"
"Japan","JPN"
"Jersey","JEY"
"Jordan","JOR"
"Kazakhstan","KAZ"
"Kenya","KEN"
"Kiribati","KIR"
"Kosovo","XKO"
"Kuwait","KWT"
"Kyrgyzstan","KGZ"
"Laos","LAO"
"Latvia","LVA"
"Lebanon","LBN"
"Lesotho","LSO"
"Liberia","LBR"
"Libya","LBY"
"Liechtenstein","LIE"
"Lithuania","LTU"
"Luxembourg","LUX"
"Madagascar","MDG"
"Malawi","MWI"
"Malaysia","MYS"
"Maldives","MDV"
"Mali","MLI"
"Malta","MLT"
"Marshall Islands","MHL"
"Martinique","MTQ"
"Mauritania","MRT"
"Mauritius","MUS"
"Mayotte","MYT"
"México","MEX"
"Micronesia","FSM"
"Moldova","MDA"
"Monaco","MCO"
"Mongolia","MNG"
"Montenegro","MNE"
"Montserrat","MSR"
"Morocco","MAR"
"Mozambique","MOZ"
"Myanmar","MMR"
"Namibia","NAM"
"Nauru","NRU"
"Nepal","NPL"
"Netherlands","NLD"
"New Caledonia","NCL"
"New Zealand","NZL"
"Nicaragua","NIC"
"Niger","NER"
"Nigeria","NGA"
"Niue","NIU"
"Norfolk Island","NFK"
"Northern Mariana Islands","MNP"
"North Korea","PRK"
"North Macedonia","MKD"
"Norway","NOR"
"Oman","OMN"
"Pakistan","PAK"
"Palau","PLW"
"Palestine","PSE"
"Panama","PAN"
"Papua New Guinea","PNG"
"Paraguay","PRY"
"Peru","PER"
"Philippines","PHL"
"Pitcairn Islands","PCN"
"Poland","POL"
"Portugal","PRT"
"Puerto Rico","PRI"
"Qatar","QAT"
"Republic of the Congo","COG"
"Réunion","REU"
"Romania","ROU"
"Russia","RUS"
"Rwanda","RWA"
"Saint-Barthélemy","BLM"
"Saint Helena, Ascension and Tris","SHN"
"Saint Kitts and Nevis","KNA"
"Saint Lucia","LCA"
"Saint-Martin","MAF"
"Saint Pierre and Miquelon","SPM"
"Saint Vincent and the Grenadines","VCT"
"Samoa","WSM"
"San Marino","SMR"
"São Tomé and Príncipe","STP"
"Saudi Arabia","SAU"
"Senegal","SEN"
"Serbia","SRB"
"Seychelles","SYC"
"Sierra Leone","SLE"
"Singapore","SGP"
"Sint Maarten","SXM"
"Slovakia","SVK"
"Slovenia","SVN"
"Solomon Islands","SLB"
"Somalia","SOM"
"South Africa","ZAF"
"South Georgia and the South Sandwich Islands","SGS"
"South Korea","KOR"
"South Sudan","SSD"
"Spain","ESP"
"Sri Lanka","LKA"
"Sudan","SDN"
"Suriname","SUR"
"Svalbard and Jan Mayen","SJM"
"Swaziland","SWZ"
"Sweden","SWE"
"Switzerland","CHE"
"Syria","SYR"
"Tajikistan","TJK"
"Tanzania","TZA"
"Thailand","THA"
"Timor-Leste","TLS"
"Togo","TGO"
"Tokelau","TKL"
"Tonga","TON"
"Trinidad and Tobago","TTO"
"Tunisia","TUN"
"Turkey","TUR"
"Turkmenistan","TKM"
"Turks and Caicos Islands","TCA"
"Tuvalu","TUV"
"Uganda","UGA"
"Ukraine","UKR"
"United Arab Emirates","ARE"
"United Kingdom","GBR"
"United States","USA"
"United States Minor Outlying Islands","UMI"
"Uruguay","URY"
"Uzbekistan","UZB"
"Vanuatu","VUT"
"Vatican City","VAT"
"Venezuela","VEN"
"Vietnam","VNM"
"Virgin Islands, U.S.","VIR"
"Wallis and Futuna","WLF"
"Yemen","YEM"
"Zambia","ZMB"
"Zimbabwe","ZWE"