name,adm2__id
"Abitibi-Ouest","1"
"Abitibi","2"
"Acton","3"
"Antoine-Labelle","4"
"Argenteuil","5"
"Arthabaska","6"
"Asbestos","7"
"Avignon","8"
"Beauce-Sartigan","9"
"Beauharnois-Salaberry","10"
"Bécancour","11"
"Bellechasse","12"
"Bonaventure","13"
"Brome-Missisquoi","14"
"Champlain","15"
"Charlevoix-Est","16"
"Charlevoix","17"
"Coaticook","18"
"Communauté-Urbaine-de-l'Outaouai","19"
"Communauté-Urbaine-de-Montréal","20"
"Communauté-Urbaine-de-Québec","21"
"D'Autray","22"
"Desjardins","23"
"Deux-Montagnes","24"
"Drummond","25"
"Francheville","26"
"Joliette","27"
"Kamouraska","28"
"L'Amiante","29"
"L'Assomption","30"
"L'Érable","31"
"L'Île-d'Orléans","32"
"L'Islet","33"
"La Côte-de-Beaupré","34"
"La Côte-de-Gaspé","35"
"La Haute-Côte-Nord","36"
"La Haute-Gaspésie","37"
"La Haute-Yamaska","38"
"La Jacques-Cartier","39"
"La Matapédia","40"
"La Mitis","41"
"La Nouvelle-Beauce","42"
"La Région-Sherbrookoise","43"
"La Rivière-du-Nord","44"
"La Vallée-de-la-Gatineau","45"
"La Vallée-du-Richelieu","46"
"Lac-Saint-Jean-Est","47"
"Lajemmerais","48"
"Laval","49"
"Le Bas-Richelieu","50"
"Le Centre-de-la-Mauricie","51"
"Le Domaine-du-Roy","52"
"Le Fjord-du-Saguenay","53"
"Le Granit","54"
"Le Haut-Richelieu","55"
"Le Haut-Saint-François","56"
"Le Haut-Saint-Laurent","57"
"Le Haut-Saint-Maurice","58"
"Le Rocher-Percé","59"
"Le Val-Saint-François","60"
"Les Basques","61"
"Les Chutes-de-la-Chaudière","62"
"Les Collines-de-l'Outaouais","63"
"Les Etchemins","64"
"Les Îles-de-la-Madeleine","65"
"Les Jardins-de-Napierville","66"
"Les Laurentides","67"
"Les Maskoutains","68"
"Les Moulins","69"
"Les Pays-d'en-Haut","70"
"Lotbinière","71"
"Manicouagan","72"
"Maria-Chapdelaine","73"
"Maskinongé","74"
"Matane","75"
"Matawinie","76"
"Mékinac","77"
"Memphrémagog","78"
"Minganie--Basse-Côte-Nord","79"
"Mirabel","80"
"Montcalm","81"
"Montmagny","82"
"Nicolet-Yamaska","83"
"Nord-du-Québec","84"
"Papineau","85"
"Pontiac","86"
"Portneuf","87"
"Rimouski-Neigette","88"
"Rivière-du-Loup","89"
"Robert-Cliche","90"
"Roussillon","91"
"Rouville","92"
"Rouyn-Noranda","93"
"Sept-Rivières--Caniapiscau","94"
"Témiscamingue","95"
"Témiscouata","96"
"Thérèse-De Blainville","97"
"Vallée-de-l'Or","98"
"Vaudreuil-Soulanges","99"